{
    "logZ": 12048.459942491007,
    "logZ_err": 0.17165235614446372,
    "BIC": -24020.697724902,
    "AIC": -24132.9361134811,
    "reduced_chi2": -8.958834734425908,
    "n_eff": 2.6844359024650264
}