{
    "logZ": 14545.224269706741,
    "logZ_err": 0.17435486754558308,
    "BIC": -29030.40577721685,
    "AIC": -29130.829598577096,
    "reduced_chi2": -10.80178874021374,
    "n_eff": 2.8317933020415813
}