{
    "logZ": 14545.054438497713,
    "logZ_err": 0.17424588511782105,
    "BIC": -29014.533295281115,
    "AIC": -29126.771683860217,
    "reduced_chi2": -10.809774530711719,
    "n_eff": 2.6934717516837168
}