{
    "logZ": 12047.468694831428,
    "logZ_err": 0.17405988176936502,
    "BIC": -24037.082679316696,
    "AIC": -24137.506500676944,
    "reduced_chi2": -8.952409815065534,
    "n_eff": 2.8249485891157327
}