{
    "logZ": -284.4500317265264,
    "logZ_err": 0.08949762023417936,
    "BIC": 598.0182810509795,
    "AIC": 568.4216215037708,
    "reduced_chi2": 9.193586805148657,
    "n_eff": 3.3025455171716644
}