{
    "logZ": -206.99188212294973,
    "logZ_err": 0.088232776024972,
    "BIC": 443.5875707833032,
    "AIC": 413.99091123609446,
    "reduced_chi2": 6.576117139594821,
    "n_eff": 3.303953976943292
}